episode,reward
0,-225.60847363659911
1,-122.48452912340082
2,-235.58109505229123
3,-146.99823082832717
